{
  "hash": "582eca4d",
  "configHash": "95ea1682",
  "lockfileHash": "ab0ab58f",
  "browserHash": "d5a5312c",
  "optimized": {
    "@angular/common": {
      "src": "../../../../../../node_modules/@angular/common/fesm2022/common.mjs",
      "file": "@angular_common.js",
      "fileHash": "7946feef",
      "needsInterop": false
    },
    "@angular/core": {
      "src": "../../../../../../node_modules/@angular/core/fesm2022/core.mjs",
      "file": "@angular_core.js",
      "fileHash": "a8718a73",
      "needsInterop": false
    },
    "@angular/platform-browser": {
      "src": "../../../../../../node_modules/@angular/platform-browser/fesm2022/platform-browser.mjs",
      "file": "@angular_platform-browser.js",
      "fileHash": "3e1ba6cb",
      "needsInterop": false
    },
    "@angular/router": {
      "src": "../../../../../../node_modules/@angular/router/fesm2022/router.mjs",
      "file": "@angular_router.js",
      "fileHash": "71c82072",
      "needsInterop": false
    },
    "@angular/forms": {
      "src": "../../../../../../node_modules/@angular/forms/fesm2022/forms.mjs",
      "file": "@angular_forms.js",
      "fileHash": "62f5bc0d",
      "needsInterop": false
    }
  },
  "chunks": {
    "chunk-CHORFJT4": {
      "file": "chunk-CHORFJT4.js"
    },
    "chunk-T65LYMK5": {
      "file": "chunk-T65LYMK5.js"
    },
    "chunk-KUA6TBKJ": {
      "file": "chunk-KUA6TBKJ.js"
    }
  }
}